make,country
343 Industries,USA
ATS,Italy
Acura,Japan
Alfa Romeo,Italy
Apollo,Germany
Ariel,UK
Aston Martin,UK
Audi,Germany
Austin-Healey,UK
BAC,UK
BMW,Germany
Bentley,UK
Buick,USA
Cadillac,USA
Can-Am,Canada
Chevrolet,USA
Chrysler,USA
Datsun,Japan
DeLorean,USA
Dodge,USA
Ferrari,Italy
Fiat,Italy
Ford,USA
Funco,USA
GMC,USA
Gordon Murray Automotive,UK
Hennessey,USA
Holden,Australia
Honda,Japan
Hyundai,South Korea
Jaguar,UK
Jeep,USA
Jimco,USA
KTM,Austria
Koenigsegg,Sweden
Lamborghini,Italy
Lancia,Italy
Land Rover,UK
Lexus,Japan
Lincoln,USA
Lotus,UK
Lucid,USA
MG,UK
MINI,UK
Maserati,Italy
Mazda,Japan
McLaren,UK
Mercedes-Benz,Germany
Meyers,USA
Mitsubishi,Japan
Nissan,Japan
Noble,UK
Opel,Germany
Pagani,Italy
Peel,UK
Penske,USA
Peugeot,France
Playground Games,UK
Plymouth,USA
Polaris,USA
Pontiac,USA
Porsche,Germany
RJ Anderson,USA
Radical,UK
Ram,USA
Reliant,UK
Renault,France
Rimac,Croatia
Rivian,USA
Saleen,USA
Shelby,USA
Sierra Cars,USA
Subaru,Japan
TVR,UK
Toyota,Japan
Ultima,UK
Viper,USA
Volkswagen,Germany
Volvo,Sweden
Wuling,China
Zenvo,Denmark
